TERMINAL_ID,COUNTRY,Submitter,lat,long,B25,B29,B37,D11,D2K,D6N,D80,P18,P2R,P37,P42,O21,O73,O8I,OUB
TAU000001,Australia,Shell,-33.9734678,151.2178519,57683,48962,11367,19104,20242,98679,23344,28994,39778,36379,35313,14078,18263,57253,69947
TAU000002,Australia,Shell,-33.8345097,151.0060111,16304,39887,52686,72221,78665,107588,61885,10048,69676,12553,49715,47770,78190,29019,49802
TAU000003,Australia,Shell,-32.24888925,115.8439505,29710,56129,38737,76378,26805,53914,21532,36024,47244,60178,66333,60468,11998,75126,64860
TAU000004,Australia,Shell,-42.8588009,147.3058753,48215,19030,14525,90578,27732,19075,12942,55613,54832,16034,47484,59428,57668,85176,50396
TAU000005,Australia,Shell,-12.477441,130.901511,33920,20547,53464,71429,71881,63570,48619,59157,27101,65160,23644,48844,20490,82789,86400
TAU000006,Australia,Shell,-37.7421872,142.0217068,48227,44680,14274,67592,37492,39186,95854,35862,60564,73121,76206,31396,40402,24569,55779
TAU000007,Australia,Shell,-20.3111814,118.5801181,12059,44741,36722,47898,94161,56522,55270,39443,30713,55039,55680,89762,57099,76212,30720
TAU000008,Australia,Shell,-32.9272881,151.7812534,44363,24413,53794,48083,92787,85186,76835,17865,71921,51154,24535,53142,22735,11924,75910
TAU000009,Australia,Shell,-34.836756,138.5002312,25664,31927,48835,38367,43600,22189,48431,65896,76691,26938,29113,31942,67302,15009,64494
TAU000010,Australia,Shell,-23.8431724,151.256132,53838,45075,30489,88881,59095,28949,51323,70520,42823,27653,46692,63859,26824,69958,29910
TAU000011,Australia,Shell,-38.1492813,144.3598269,16121,13265,53046,58628,48709,47608,108766,47323,25534,44044,13331,45275,63442,23815,36233
TAT000001,Austria,Shell,48.3059078,14.286198,32160,32024,50728,31392,74405,52938,23543,72071,71039,13557,28023,68517,84519,45027,80601
TAT000002,Austria,Shell,48.2083537,16.3725042,31633,28989,53349,45579,58652,96156,40919,26863,74052,77829,61469,65334,24045,63400,55225
TAT000003,Austria,OMV,48.10499675,16.5848987,28261,36598,39006,34996,108927,100605,66092,29148,24731,78072,70772,49654,55682,75763,61003
TAT000004,Austria,OMV,48.1963054,16.4922665,54709,10384,49950,82697,92121,50741,44959,43910,76502,71838,65448,58387,68570,17552,24847
TAT000005,Austria,OMV,48.16847735,14.54962453,10273,31351,10226,46591,88292,103709,11545,63674,48576,51141,67083,76108,55145,62670,85500
TAT000006,Austria,DCC Energy Austria,47.0708678,15.4382786,52847,33908,23440,59192,82136,13705,74700,53063,79315,18733,11404,33735,47281,69380,50961
TAT000007,Austria,DCC Energy Austria,46.6228162,14.3079604,53311,45519,24667,52954,41842,53618,96200,68618,47758,34637,70931,74273,16036,48161,70935
TAT000008,Austria,DCC Energy Austria,47.26951525,11.3971372,30319,33508,37958,99180,67321,98019,82888,20547,46230,74818,71635,68073,52434,66180,60027
TAT000009,Austria,OMV,48.10499675,16.5848987,17663,21433,45292,35347,96299,78190,80490,69655,65372,40712,71742,46704,66298,54214,22225
TAT000010,Austria,Shell,47.7981346,13.0464806,34050,31541,51339,56280,30442,36339,100022,32232,23754,14231,64097,64935,67785,76380,70278
TBE000001,Belgium,Argos,51.0538286,3.7250121,28095,45090,36311,109725,107612,31194,24162,19484,54273,53276,35930,14048,63306,42796,80835
TBE000002,Belgium,Argos,51.1765426,4.8362595,16073,42332,57984,32880,63535,88961,26531,30068,39060,58281,18872,27851,86990,11667,62394
TBE000003,Belgium,Argos,50.9287524,4.4228712,46798,41088,33812,34333,50328,47263,70767,36353,76853,74205,55713,86643,20727,78030,20525
TBE000004,Belgium,Argos,50.9303735,5.3378043,32482,33620,12986,35991,61943,46111,104060,67039,65319,12966,23960,25644,35367,27032,15963
TBE000005,Belgium,Argos,51.2085526,3.226772,26727,16501,55535,38981,39867,107976,53234,22193,46053,57318,10112,22852,49118,29127,10766
TBE000006,Belgium,Argos,50.7480205,3.4079085,28265,23190,55588,91465,26979,75362,71244,37737,62612,73633,38567,59175,27255,46133,15140
TBE000007,Belgium,ExxonMobil,51.2211097,4.3997081,34797,33053,44101,79438,72509,16141,72880,33273,28555,46919,55532,54597,22272,11961,50258
TBE000008,Belgium,ExxonMobil,50.6100506,5.5406048,37462,53208,38104,61683,106298,22269,62660,10966,25720,71677,21935,20334,15936,71021,60091
TBE000009,Belgium,ExxonMobil,50.60566,3.3878259,28316,54306,46851,18640,48689,22293,107439,11868,36312,36835,14413,84390,48461,67636,85108
TBE000010,Belgium,Vopak,51.2211097,4.3997081,21857,34753,57771,16277,25365,31670,89684,12079,76580,58193,21972,84121,17512,59150,11272
TBE000011,Belgium,Vopak,51.2519515,4.27803,17327,39914,36864,10231,53761,105304,54618,54398,77004,70262,72238,52481,25382,69475,19501
TBE000012,Belgium,Vopak,51.2211097,4.3997081,12379,39039,41012,35930,94292,76249,38555,21067,28590,44650,56659,58792,46289,83970,12724
TBE000013,Belgium,Argos,51.0538286,3.7250121,10080,13930,28332,105284,19477,73072,76133,14643,72852,74662,55384,88354,86205,33216,56130
TBE000014,Belgium,Argos,51.2211097,4.3997081,44806,48054,53733,80837,33297,35878,35884,35182,59994,23816,71720,60169,86607,64849,82499
TBE000015,Belgium,Argos,50.6451381,5.5734203,25484,27672,30331,33663,90828,40753,99212,69574,45292,11947,45224,13574,25128,35511,78981
TBE000016,Belgium,Argos,51.2211097,4.3997081,51708,43661,32737,93860,31731,17212,30882,58529,14552,29697,46144,65400,12839,65940,23303
TBE000017,Belgium,ExxonMobil,50.5625639,4.243092604,20589,32724,15342,51775,44448,54110,49461,51659,78152,56343,47502,53680,69191,46344,70006
TBE000018,Belgium,ExxonMobil,50.8925777,4.3768928,12137,19367,16767,88538,74210,44141,39171,71191,27710,47042,38948,52212,14944,29823,70080
TBE000019,Belgium,ExxonMobil,50.6701629,5.6596359,42880,25312,21114,52058,31070,16133,90270,61975,65526,56836,43668,27948,78138,10844,23026
TBE000020,Belgium,ExxonMobil,50.9444948,3.124765,52917,59498,31550,96674,92229,56944,14686,15173,21424,20192,44012,58758,79227,21815,69489
TBE000021,Belgium,ExxonMobil,51.2258565,2.919496,15148,44697,22989,10093,38604,25291,64478,66886,49321,48515,16865,19057,89879,74001,55529
TBE000022,Belgium,Argos,51.0538286,3.7250121,58565,31383,34076,16410,72288,51297,101823,31588,61878,43563,22439,18207,21980,31125,82515
TBE000023,Belgium,Argos,50.6451381,5.5734203,39798,44835,15742,100060,31261,16847,98424,26274,44338,49870,74563,56884,55120,15905,42468
TBE000024,Belgium,Argos,50.84074275,4.322412539,49767,45197,27974,43039,76859,89392,58511,42747,35329,65408,46758,67560,40316,73903,65443
TBE000025,Belgium,Shell,50.6701629,5.6596359,31176,47267,47729,29555,87104,63734,52881,32638,62033,24690,57615,88331,34757,45912,36587
TBE000026,Belgium,Varo Energy,51.2211097,4.3997081,27628,29870,21329,86412,18641,18811,50182,34294,65331,39528,25991,59041,12433,34069,38308
TCA000001,Canada,ExxonMobil,49.3003639,-122.865693,48464,33560,39446,26157,87507,59581,41067,44797,46254,40313,50589,77102,58276,12970,80241
TCA000002,Canada,ExxonMobil,53.535411,-113.507996,39095,21231,29521,38210,69662,109206,47440,55579,10781,37761,29309,88951,44688,64784,37993
TCA000003,Canada,ExxonMobil,50.2109579,-66.3790642,12360,20057,22618,89973,88891,17251,98685,67729,12327,74653,72256,87632,79919,53356,18082
TCA000004,Canada,ExxonMobil,53.279995,-110.00885,18012,35672,41378,37144,85710,37401,76183,78146,61054,36975,55206,41039,80102,33720,15178
TCA000006,Canada,ExxonMobil,43.7492988,-79.462248,57101,41371,48897,19274,52828,65790,41235,63145,36987,33661,20821,15362,75972,17644,47862
TCA000007,Canada,ExxonMobil,43.4925679,-80.56724758,24074,23180,45465,53518,16695,45504,57204,41167,72744,70713,50509,62893,33479,42277,52007
TCA000008,Canada,ExxonMobil,44.6799707,-63.5720232,22928,20967,39580,80610,66678,36511,88774,51518,45885,43390,10300,48289,16637,78960,34888
TCA000009,Canada,ExxonMobil,46.137977,-60.194092,44855,36842,34076,31369,75700,106856,62554,11011,22378,60307,45222,17280,35294,24460,55768
TCA000010,Canada,ExxonMobil,42.8100954,-80.0728118,45172,57756,38019,80645,77928,59078,27553,72413,75642,78905,74639,24623,76735,22667,41400
TCA000011,Canada,ExxonMobil,45.3446891,-75.7639408,22012,24731,15251,94676,34708,76597,75456,61060,65792,24914,65795,86972,66633,62186,26074
TCA000012,Canada,ExxonMobil,42.9746137,-82.4065585,15187,36610,25906,29526,70845,36643,100762,57783,38866,49675,45027,54871,67300,42696,75467
TCA000015,Canada,ExxonMobil,51.0534234,-114.0625892,17342,48603,20511,35755,75307,42061,52141,28466,16916,76884,75329,72161,17416,37620,64644
TCA000016,Canada,ExxonMobil,50.44876,-104.61731,11874,52478,56280,87852,27900,97528,97209,58878,44444,41539,48452,86589,25918,56997,54770
TCA000017,Canada,ExxonMobil,49.8955367,-97.1384584,37656,10582,47015,42792,101768,36570,54121,44886,46461,12955,20864,25449,23002,87127,20344
TCA000018,Canada,ExxonMobil,49.2433804,-122.9725459,31705,37884,10056,54342,31371,72832,81284,48841,37388,11350,30779,30352,82500,42472,55406
TCA000019,Canada,ExxonMobil,49.1637594,-123.9379719,47928,48505,50292,70857,52572,45035,63558,58078,14439,21453,51570,79355,53784,65210,70572
TCA000021,Canada,ExxonMobil,50.44876,-104.61731,37303,50296,10119,10456,108791,32043,56854,72070,22521,55991,16011,15360,17146,15768,57471
TCA000022,Canada,ExxonMobil,43.77288205,-79.69215177,45957,13867,59237,16570,21926,106124,88980,76004,45900,17917,29068,65912,22955,69240,17656
TCA000023,Canada,ExxonMobil,45.4972159,-73.6103642,37608,12631,56339,30028,82362,41326,43088,30662,72304,16467,11783,59253,75980,10004,71525
TCA000024,Canada,ExxonMobil,43.447436,-79.666672,19137,10861,20527,90606,18408,107700,108849,63906,79855,14046,71324,35088,30137,41743,31890
TCA000025,Canada,ExxonMobil,45.3114164,-63.4912713,10913,39063,29982,77699,51889,79881,89857,12815,57536,19727,69467,54035,62217,87750,32679
TCA000026,Canada,ExxonMobil,48.922499,-123.718414,40943,20222,56650,53517,60061,26723,51575,28199,37604,50795,65199,59362,67590,28490,13605
TCA000027,Canada,ExxonMobil,49.007878,-97.5615993,15549,13943,24216,63834,45423,24567,67501,41592,69611,36639,56615,33012,74830,69584,50595
TCA000028,Canada,ExxonMobil,47.3774363,-61.8661579,53883,24998,12003,102166,75367,106720,25562,51967,14437,50765,65606,61216,38393,88035,80866
TCA000029,Canada,ExxonMobil,48.450155,-68.529968,58075,32444,22249,55154,62923,69295,90409,63593,37775,77896,28050,51467,88782,33525,19065
TCA000030,Canada,ExxonMobil,45.3446891,-75.7639408,41144,23140,30360,103445,38406,92089,102568,58058,42792,79644,69303,30322,14530,69725,80876
TCA000031,Canada,ExxonMobil,42.3289943,-82.9163282,44465,48254,58615,67257,90644,109417,14614,46006,72371,41552,51357,88424,25146,44826,53959
TCA000032,Canada,ExxonMobil,53.535411,-113.507996,54388,13401,16701,17742,67688,33078,44952,66937,25788,47308,40507,20579,41087,76229,73044
TCA000033,Canada,ExxonMobil,52.131802,-106.660767,27380,34216,18119,24609,96374,28320,15814,34171,18960,30323,24421,41123,36328,26769,42853
TCA000034,Canada,ExxonMobil,50.6758269,-120.3394159,12970,44757,18304,87119,52416,83465,80143,22986,73652,13427,79566,69886,77058,25712,39815
TCA000035,Canada,ExxonMobil,49.1637594,-123.9379719,54676,25532,40868,81455,50527,51106,70471,27321,51693,61667,19491,21698,13531,47692,88906
TCA000036,Canada,ExxonMobil,43.7492988,-79.462248,57913,24374,36314,95334,73067,52400,89313,17163,30168,39417,17973,15544,67263,32435,26956
TCA000037,Canada,ExxonMobil,44.230687,-76.481323,57786,28499,11503,99931,23700,107146,63054,32760,78400,30057,21543,79141,36306,68202,13439
TCA000038,Canada,ExxonMobil,42.9746137,-82.4065585,44976,31316,39648,79088,98265,107320,104471,46222,28916,69000,43509,38231,62473,73172,20662
TCA000039,Canada,ExxonMobil,53.535411,-113.507996,38865,36433,59399,91666,28243,90325,61556,40299,58392,32657,60001,87583,79777,27019,20077
TCA000040,Canada,ExxonMobil,49.8955367,-97.1384584,48698,43642,16765,29648,40606,82565,55722,20701,45522,27810,66392,83358,56603,55348,64359
TCA000041,Canada,ExxonMobil,49.2433804,-122.9725459,10645,36925,27932,95571,104469,95078,29960,69501,30018,57353,36753,71578,82325,30144,84485
TCA000042,Canada,ExxonMobil,45.4972159,-73.6103642,21376,11268,20444,102180,100985,51655,24862,20292,21672,15007,10724,61776,46324,79828,66755
TCA000043,Canada,ExxonMobil,46.7910096,-71.1753274,20063,29358,54530,52940,81329,108837,41673,31267,34595,44960,54668,42860,81968,82511,67754
TCA000044,Canada,ExxonMobil,48.3370248,-71.12352614,45455,27705,37928,26621,80126,17836,19645,62717,68481,34804,22469,18760,33077,19277,89877
TCA000045,Canada,ExxonMobil,43.6534817,-79.3839347,51523,43067,20547,27342,93453,66120,13559,38689,21849,77553,77662,79359,53230,70882,33195
TCA000046,Canada,ExxonMobil,42.9836747,-81.2496068,22059,53663,42457,76318,76081,59267,35582,10502,25563,36025,19245,54196,45890,62636,15191
TCA000047,Canada,ExxonMobil,48.683708,-123.600311,32729,21257,33816,91690,106045,106226,57332,24045,38742,30074,55449,31339,30282,25601,43767
TCA000048,Canada,ExxonMobil,53.9128645,-122.7453699,34937,55707,36709,107794,41993,13842,31508,74766,17215,32624,28057,25954,56759,21449,74937
TCA000049,Canada,ExxonMobil,42.4057219,-82.1853837,56067,38910,40391,98308,25590,51568,73346,57749,40036,46244,75520,42319,61372,31827,78431
TCA000050,Canada,ExxonMobil,45.278752,-66.058044,14517,36123,37290,76077,82769,89951,80251,23484,41562,30369,64522,76105,88893,73608,69055
TCA000051,Canada,ExxonMobil,47.561701,-52.715149,59532,20153,39060,71275,73651,11140,21573,44953,62470,37096,10418,14524,82247,22367,16888
TCA000052,Canada,ExxonMobil,46.52391,-84.320068,41536,33512,30302,20473,20562,36834,88472,25917,23680,20600,61464,55669,59354,23298,58678
TCA000053,Canada,ExxonMobil,48.95317,-57.947388,18909,30030,35572,80699,99253,87863,63046,39180,51458,49593,65137,51711,68678,83170,32002
TCA000054,Canada,ExxonMobil,46.234953,-63.132935,50551,42407,24835,79089,30917,58976,88698,40798,78133,64828,78984,24461,70723,77119,75474
TCA000055,Canada,ExxonMobil,52.9422944,-66.9177291,41296,17782,14356,92066,38612,100930,48442,38489,14539,74893,40568,87503,86230,22847,61122
TCA000056,Canada,ExxonMobil,53.279995,-110.00885,47239,32946,33127,70949,68443,71156,109991,33986,65392,55798,46689,76656,45406,62243,76562
TCA000057,Canada,ExxonMobil,45.4972159,-73.6103642,38805,56963,46002,25479,97512,106576,78711,65368,74068,43277,38588,59561,29025,25861,53017
TCA000058,Canada,ExxonMobil,56.7291997,-111.3885221,17873,43322,27591,108064,10142,93804,33641,70656,52770,46093,35692,83693,63340,86378,26399
TCA000059,Canada,ExxonMobil,48.6580556,-65.7527778,24891,21897,16029,15533,92639,31602,87028,26047,49221,28325,10876,81768,76801,38307,83470
TCA000060,Canada,ExxonMobil,56.7291997,-111.3885221,28070,57825,35614,65165,62655,84467,79559,75070,43932,54431,52076,54448,71070,28870,80767
TCA000061,Canada,Irving,46.097995,-64.80011,53915,36663,43314,94497,53354,52369,67941,50103,26769,73004,27550,33363,20963,14053,24544
TCA000062,Canada,ExxonMobil,44.1633264,-77.3852556,50853,35067,44272,95071,100324,22197,48598,12409,26651,75214,63538,37942,47304,83965,88902
TCA000063,Canada,ExxonMobil,60.8155874,-115.7866099,42883,41704,52289,30457,55735,75669,33460,14288,67262,24581,30585,68188,79895,46660,49079
TCA000064,Canada,ExxonMobil,53.535411,-113.507996,21728,28594,16041,18052,90335,31160,56278,58712,62737,21473,67486,11625,77796,24983,19044
TCA000065,Canada,ExxonMobil,45.4972159,-73.6103642,44747,33738,30356,73419,15933,31128,61885,64118,68579,24727,44936,64497,48420,39167,65333
TCA000066,Canada,ExxonMobil,45.4972159,-73.6103642,35694,32486,44272,10133,75054,105475,43345,22140,21852,27320,77203,11641,78735,18938,35397
TCA000067,Canada,Chevron,49.2433804,-122.9725459,34905,23212,22739,105232,42651,43427,99711,68600,29409,22902,35637,50550,29515,49036,48161
TCA000068,Canada,ExxonMobil,44.6799707,-63.5720232,47869,53601,18513,17411,41787,22083,49643,41032,41445,50278,36005,50727,47867,17651,67397
TCA000069,Canada,ExxonMobil,49.8511143,-99.9608924,13394,31299,42161,58845,98788,100403,106427,76338,72218,14409,77267,73228,22898,38001,64807
TCA000070,Canada,ExxonMobil,49.868046,-111.3762536,26858,58660,20373,25849,10225,96892,99831,71505,28734,43776,39945,83772,43868,55799,49433
TCA000071,Canada,ExxonMobil,53.201097,-105.748901,41476,43413,47610,88077,109777,84959,28633,24275,36508,43436,36222,70543,37953,15520,57558
TCA000072,Canada,ExxonMobil,49.6794164,-103.0261084,37957,44048,48769,92745,15987,89000,95134,53525,14492,32043,52018,14544,18070,15540,28932
TCA000073,Canada,ExxonMobil,52.269838,-113.818359,31972,19821,18009,63722,86176,101974,66491,62308,43178,55276,33572,55194,11138,42131,72629
TCA000074,Canada,ExxonMobil,52.776186,-108.300476,37821,54331,12917,66414,96889,90224,79338,63511,54849,68653,19482,82478,80032,63500,34593
TCA000075,Canada,ExxonMobil,53.279995,-110.00885,21855,55479,47074,109046,93095,30581,86574,73506,50356,70668,58970,70715,36111,80515,84519
TCA000076,Canada,ExxonMobil,55.17108,-118.7949873,30047,30217,48338,92506,83579,64246,60257,77405,14270,54161,44517,28830,81184,72507,10309
TCA000077,Canada,ExxonMobil,49.972422,-98.289185,47038,32763,44973,77796,87912,63741,51471,71523,38524,37281,23201,38787,13087,82240,44342
TCA000078,Canada,ExxonMobil,53.0972884,-111.7771466,23202,40538,29526,54249,35320,95185,62494,26388,52644,65715,12645,71416,58206,13216,48548
TCA000079,Canada,ExxonMobil,49.8485092,-100.9322654,24051,51982,30912,10109,100384,88388,46332,20818,35097,69184,37019,76032,35971,18582,67503
TCA000080,Canada,ExxonMobil,50.9038419,-97.2224831,22583,18526,36670,31013,87684,65535,31695,28109,45841,54123,20536,43888,73143,37141,42912
TCA000081,Canada,ExxonMobil,56.9234624,-117.6272624,48248,48009,41150,106955,14898,27832,104866,70086,61248,72393,51163,65856,48360,48801,72656
TCA000082,Canada,ExxonMobil,51.4100249,-104.537981,25664,20653,44506,77850,18981,89160,57762,42849,43089,46627,34082,52941,17039,24518,38277
TCA000083,Canada,ExxonMobil,54.13026,-108.435059,35226,53980,17098,31141,105941,15922,48561,71407,21765,63724,28654,34695,67577,38415,63127
TCA000084,Canada,Shell,51.0534234,-114.0625892,57267,14270,30969,65512,106250,98044,65005,33523,25114,75616,73623,34979,20607,72073,18768
TCA000085,Canada,Shell,43.2560802,-79.8728583,14356,34656,39044,51850,105579,106471,69518,66578,21890,35372,57020,73599,64768,51625,62145
TCA000086,Canada,Shell,45.3446891,-75.7639408,30692,11134,57710,69275,88401,61660,31770,66778,14007,28441,13299,72861,86911,44185,75278
TCA000087,Canada,ExxonMobil,47.3843611,-53.1309066,21004,58206,41293,64590,54148,107046,106264,67298,34277,57396,53872,25876,42983,38053,32749
TCA000088,Canada,ExxonMobil,45.6309797,-73.4977437,27322,52145,36671,98072,101137,73703,36806,41730,35185,66566,31626,27697,69706,64635,43920
TCA000089,Canada,ExxonMobil,44.0500747,-66.1052748,31317,21159,33594,55541,94654,92536,35261,45061,33304,50176,66030,81175,21917,42992,81063
TCA000090,Canada,ExxonMobil,53.535411,-113.507996,44327,52107,33456,19418,92210,72816,67733,46139,32937,73802,27118,53789,85253,37621,87730
TCA000091,Canada,ExxonMobil,48.782437,-87.102356,36579,23777,11996,72764,94281,64948,26687,44110,34243,41355,77158,29024,22884,10261,56540
TCA000092,Canada,ExxonMobil,52.745723,-109.0198342,52378,21291,50150,38530,30531,64067,24790,26571,17052,69083,74354,54240,57830,11181,52526
TCA000093,Canada,ExxonMobil,47.8459634,-53.9844362,42115,35185,16017,56863,86204,74162,67462,34493,66846,48174,55396,39191,58934,27326,63910
TCA000094,Canada,ExxonMobil,45.452798,-62.7905136,14896,54075,18453,19182,80396,25806,103685,31512,65599,72018,16979,56161,22525,46408,15000
TCA000095,Canada,ExxonMobil,44.3459493,-64.5453646,50586,55492,26390,67142,18378,57120,105801,20987,27001,32449,29766,66538,79473,38649,48246
TCA000096,Canada,ExxonMobil,43.8372648,-66.1157,24167,58932,58652,36344,29370,10691,72580,52837,12278,14218,15603,15586,58002,47540,74244
TCA000097,Canada,ExxonMobil,45.5869474,-62.6483547,46528,31880,34733,97457,97786,109695,94706,15791,35278,24969,64916,89051,54510,82431,47489
TCA000098,Canada,ExxonMobil,45.6180851,-61.3574589,38155,46577,51244,13068,32539,91774,106193,29706,24367,55849,52596,75922,11743,75176,17111
TCA000099,Canada,US Development,52.6696007,-111.3093794,22649,44944,13791,65214,74094,52785,37413,20949,31944,14334,43331,41699,88644,67954,69056
TCA000100,Canada,ExxonMobil,51.9316614,-114.0330476,10111,38970,40172,29583,104369,91443,107054,35239,53802,48231,19443,48479,74785,20723,51078
TCA000101,Canada,ExxonMobil,43.1234102,-80.2268608,19322,37573,12959,104114,102312,18990,28957,12987,39810,75550,25690,51640,82455,74355,12672
TCA000102,Canada,ExxonMobil,45.4350565,-75.6089267,19192,28577,56782,67212,57750,47716,36364,53058,18926,36408,46059,42917,63930,43210,20157
TCA000103,Canada,ExxonMobil,43.6534817,-79.3839347,56524,53562,34046,79448,88906,18864,47255,62370,71297,75911,56746,53236,73848,10086,17544
TCA000104,Canada,ExxonMobil,45.120537,-72.988701,48458,13034,54595,55532,83756,33185,66495,42168,21328,20176,52120,67600,30953,14173,21605
TCA000105,Canada,ExxonMobil,46.0945258,-64.7354772,33040,29809,23577,53695,98361,55978,60581,45867,46638,63848,21233,48438,16078,41357,81810
TCA000106,Canada,ExxonMobil,46.234953,-63.132935,26972,23145,19468,95458,102525,73473,23974,54777,44667,21282,16509,88183,28317,53367,38886
TCA000107,Canada,ExxonMobil,46.2102656,-60.0240061,52288,39965,23697,79596,53137,65111,104447,74202,63207,61749,22492,50364,66466,58455,51692
TCA000108,Canada,ExxonMobil,45.4453082,-73.7510888,35331,50061,46458,78421,87215,97126,71182,10427,29184,55434,56613,78683,37595,55252,62360
TCA000109,Canada,ExxonMobil,43.1234102,-80.2268608,56349,27448,43200,42079,26942,41900,71250,19372,39593,51859,21283,69380,74900,87411,77096
TCA000110,Canada,ExxonMobil,51.0534234,-114.0625892,32875,41825,38932,19668,96219,78311,52796,20936,18602,11634,48166,11537,49788,63484,34314
TCA000111,Canada,ExxonMobil,42.9746137,-82.4065585,37876,31454,34812,77795,36412,93600,27990,37866,54846,10639,43797,58775,11943,19802,14300
TCA000112,Canada,ExxonMobil,65.282401,-126.8327253,59636,57404,53488,74467,89696,70995,48081,75051,11332,15101,50357,22508,67805,23336,55096
TCA000113,Canada,ExxonMobil,45.6070064,-61.3664338,58707,16908,49850,53050,36610,37202,32223,63746,51957,63401,51769,22150,78539,80470,49932
TCA000114,Canada,ExxonMobil,50.8516661,-113.4684345,19824,33101,10409,82907,75314,97678,34884,79500,33206,47752,33062,67953,74145,82889,16164
TCA000115,Canada,ExxonMobil,53.8422302,-113.5406548,53731,50831,48005,32511,99733,23078,93640,64373,54944,28683,44835,62771,36566,47670,59945
TCA000116,Canada,ExxonMobil,49.0018517,-116.1806741,24583,58696,54560,23488,92097,74475,35756,11390,28274,11002,19597,39673,56524,50521,37488
TCA000117,Canada,Shell,49.2433804,-122.9725459,57628,49633,41606,50899,24863,102368,17289,59520,62828,47330,74641,46098,13024,83016,18063
TCA000118,Canada,ExxonMobil,49.163168,-123.137414,43178,40454,38877,90080,64926,58706,40041,53749,61623,79243,61104,43029,26872,36731,31530
TCA000119,Canada,ExxonMobil,42.9746137,-82.4065585,38844,25932,18764,106822,85184,18762,109344,48304,74046,59031,17737,63891,81063,40950,23757
TCA000120,Canada,ExxonMobil,49.8955367,-97.1384584,28112,38312,32183,42833,96356,61095,62212,16286,50260,72502,48008,50304,32691,26579,61784
TCA000121,Canada,ExxonMobil,48.4283182,-123.3649533,30620,20836,46034,62862,35714,75677,98293,17231,78030,58630,36229,14003,44617,66137,62249
TCA000122,Canada,ExxonMobil,49.2608724,-123.1139529,56333,28726,47237,35484,83343,52534,72005,39498,12227,29936,26665,68069,12967,61019,60015
TCA000123,Canada,ExxonMobil,42.9836747,-81.2496068,57491,57734,11055,12768,13343,92022,55651,59602,46188,21533,79299,69140,87037,43708,53932
TCA000124,Canada,ExxonMobil,50.44876,-104.61731,33618,42951,19100,37809,107640,65697,44876,58500,20869,37588,14118,74121,53719,76697,82738
TCA000125,Canada,ExxonMobil,52.131802,-106.660767,49546,50328,12533,49553,44825,80701,18474,70565,12650,43258,43211,17601,82728,24540,12236
TCA000126,Canada,ExxonMobil,48.406414,-89.259796,12354,47618,35824,28790,103976,72875,106591,53043,51708,16390,31501,82981,73732,24876,11032
TCA000127,Canada,Gibson Energy,53.535411,-113.507996,57134,44657,24930,97565,101521,68493,87009,62297,39576,24266,69048,59470,21097,66641,37212
TDK000001,Denmark,Shell,55.565268,9.7562169,34477,10605,53142,22489,98359,36044,28878,13092,40536,79162,55741,20377,18933,62638,53123
TDK000002,Denmark,Statoil,55.6520089,12.1971455,56413,41620,20253,89217,76267,83582,109138,68414,31225,71930,41957,85866,58522,33684,26005
TDK000003,Denmark,Statoil,55.6833793,11.0993619,35504,24845,50557,92133,78288,35160,81069,66463,67253,21643,33280,75726,14574,15887,59309
TDK000004,Denmark,Statoil,57.0179545,9.9926864,46160,18768,44872,104805,31989,14350,46216,23470,68587,75401,19979,55332,20323,62779,18514
TEE000001,Estonia,Vopak,59.4372155,24.7453688,54809,30525,25637,31823,83954,94626,106952,36113,41474,43450,59040,82917,41334,58521,67410
TFI000001,Finland,Vopak,60.5688901,27.1881877,40376,44483,54208,104309,56130,11339,55841,58533,21569,12442,11601,84461,45684,11063,23731
TFI000002,Finland,Vopak,60.4674228,26.9450844,50838,59558,44276,102161,36197,31701,101174,73437,35098,66441,43565,37097,74276,20407,34136
TFI000003,Finland,BP,65.7333404,24.5666495,37923,11686,46945,18957,26878,102208,51848,55162,17593,63434,32738,76698,43619,50611,46699
TFI000004,Finland,BP,60.3479805,25.4765342,22368,32941,56530,31373,81322,77729,71741,26839,27462,71238,76564,56693,76988,63230,44449
TFR000001,France,ExxonMobil,43.4380714,4.945595,55515,45824,45497,77630,52640,104136,101404,32063,71911,19454,49950,64838,81066,72538,77469
TFR000002,France,ExxonMobil,49.505435,0.600538594,43607,34161,25840,26529,38133,63141,47754,41093,68631,40441,31252,60047,60258,73389,25640
TFR000003,France,ExxonMobil,43.6044622,1.4442469,16033,25215,13776,48414,16449,29159,97508,31219,63620,13662,11702,69771,88151,34913,43905
TFR000004,France,ExxonMobil,48.7350308,2.4077003,31878,56777,22143,106715,109926,67956,106120,46818,65183,18149,57554,29726,86448,49483,70900
TFR000005,France,ExxonMobil,45.7211124,4.8330796,37819,50006,26913,16870,45314,84176,103031,71846,65207,42040,50116,46308,83699,55469,11188
TFR000006,France,ExxonMobil,41.9263991,8.7376029,34210,36554,21967,109416,107861,45273,15134,17206,24334,59585,68368,68257,65969,29673,36547
TFR000008,France,ExxonMobil,44.9014971,-0.5163244,45388,19462,48200,19184,56040,24041,78190,12716,56008,31658,18474,59582,57047,35235,89080
TFR000009,France,ExxonMobil,42.7065505,9.452542,45079,45181,47037,51188,87940,81608,95622,36752,75152,52153,28440,53955,60060,25927,83613
TFR000010,France,ExxonMobil,49.1828008,-0.3690815,16344,19114,41461,52901,48746,85127,79246,74430,13847,11587,62783,65702,28193,29876,39578
TFR000012,France,ExxonMobil,48.7466374,1.9245466,44618,57967,29202,36966,69485,15383,84397,75606,58486,22171,54524,77302,59291,43889,88047
TFR000013,France,ExxonMobil,47.3215806,5.0414701,27775,49015,48415,87878,58190,17468,63574,76919,50226,10036,55434,42597,46336,71638,61956
TFR000014,France,ExxonMobil,47.3185376,-2.0745708,51383,26790,19086,34870,17252,19595,86039,62938,14249,39060,78096,55012,27051,43272,21257
TFR000015,France,ExxonMobil,43.4487615,3.7530636,43801,12811,49502,18673,97591,37813,69051,42247,42287,76088,51565,35842,64510,24602,45687
TFR000016,France,ExxonMobil,48.9254221,2.2940122,51613,56346,57375,92610,35725,26222,25410,78015,58679,55167,45117,44937,39814,18360,40266
TFR000017,France,ExxonMobil,49.2195051,6.192811,51339,40996,35144,22552,19331,95234,47295,45463,65900,72372,12682,82841,77029,36993,83013
TFR000018,France,ExxonMobil,46.1639782,-1.2165115,13934,29517,14625,89052,62366,81727,86881,45681,12923,18700,13287,86902,35785,81902,52431
TFR000019,France,ExxonMobil,48.9839674,2.6183971,56647,15418,53136,44390,13909,61911,34063,23718,45481,27669,78215,19807,75240,67281,89133
TFR000020,France,ExxonMobil,49.4238,1.06208,36974,30971,45803,55934,29147,33036,42927,37567,35287,22615,67198,13183,35464,88546,44973
TFR000023,France,ExxonMobil,48.6483814,7.7537839,39784,27347,45752,94216,100093,54290,14871,25461,61351,12436,41433,43276,11238,66442,78262
TFR000024,France,ExxonMobil,43.4872341,5.2342903,40665,36752,51463,75203,51957,37268,72717,41711,68644,71917,68945,24999,72651,75138,35111
TFR000025,France,ExxonMobil,48.8927,5.7923,42663,12286,50373,64470,39107,73985,53040,63487,79541,65149,54117,75858,75461,80065,70663
TFR000030,France,ExxonMobil,44.9332277,4.8920811,48518,46582,17242,87042,12832,33319,90629,22927,55152,17947,50539,10010,10938,88051,13462
TFR000031,France,ExxonMobil,48.0452053,-1.6045972,12220,33587,32088,51480,107028,58773,87057,48547,78942,24067,52788,33018,73563,28164,76462
TFR000032,France,Argos,46.7888997,4.8529605,55855,49359,33824,108788,79681,32139,82300,16189,79603,19147,71074,30081,21673,44489,58578
TFR000033,France,Argos,48.06949,2.42804,18416,35742,17024,95677,99213,31620,95377,77276,48647,75643,58827,22620,72356,11836,16182
TFR000034,France,ExxonMobil,43.4380714,4.945595,29883,33354,29925,70762,91771,33755,25832,77192,10131,40063,59027,72984,34965,24964,27239
TFR000035,France,ExxonMobil,44.8753434,4.8774936,41262,19067,35681,108447,74520,29368,16971,32362,53708,55666,77109,40814,60318,54959,31910
TFR000036,France,ExxonMobil,47.7477336,-3.3660907,18084,29171,54036,64210,28644,10963,99243,10598,37357,27770,23565,67689,73925,51410,27464
TFR000037,France,ExxonMobil,48.9254221,2.2940122,19121,14869,59889,49178,20007,16697,24922,65630,71280,49550,19199,60206,73866,30398,15773
TFR000038,France,ExxonMobil,43.3853586,5.0276111,59009,40669,13540,18909,83925,28332,81563,18967,74932,69599,33660,37364,11137,74895,65933
TFR000039,France,ExxonMobil,48.8924273,2.2071267,12587,41343,11037,77045,16162,40909,19586,40497,42902,69814,53693,72820,16990,55719,63946
TFR000040,France,ExxonMobil,48.584614,7.7507127,49625,20890,36657,92138,71729,53459,103774,24480,60026,21084,69063,56101,72737,50450,38496
TFR000041,France,ExxonMobil,45.7211124,4.8330796,23126,59143,35480,23814,92413,71434,99248,39653,12466,66618,53387,19217,57923,65655,81110
TFR000042,France,ExxonMobil,48.6483814,7.7537839,37305,40544,20566,77694,90587,83152,16514,64174,62125,43224,51775,77706,86079,83318,17821
TFR000043,France,ExxonMobil,49.4068986,1.0507926,13933,22963,37346,66189,105614,23662,33885,24990,42569,28994,52795,57535,84476,62212,72704
TFR000044,France,ExxonMobil,47.4234644,-0.6085356,46989,56577,39034,25579,69326,57140,29208,20576,30118,75092,43594,47106,83600,88963,10027
TFR000049,France,ExxonMobil,47.7467,7.3389275,12128,27072,51105,53316,25682,28967,36418,18609,68598,68847,18473,40803,83265,63928,42121
TFR000050,France,ExxonMobil,44.7177,4.54685,10687,53526,36653,103301,84885,92335,94770,69011,18108,58364,70838,12425,55018,80534,24096
TFR000051,France,ExxonMobil,43.71964625,1.383378827,23662,16352,53266,35821,86506,42347,49292,29761,49851,18306,60152,17464,64900,21644,76632
TFR000052,France,ExxonMobil,49.2387683,-1.3934869,15110,52440,51882,62898,94333,41405,65948,25621,74675,34144,50011,41876,80374,83360,52487
TDE000001,Germany,Shell,47.8926582,10.077408,28764,53300,27623,56665,16667,88103,84217,16076,34038,44014,36211,86654,89008,73837,28447
TDE000002,Germany,Shell,50.02739085,8.414314178,45819,31698,13508,53052,17800,74408,59435,68400,15211,77113,17775,84744,21901,34319,61277
TDE000003,Germany,Shell,53.5437641,10.0099133,11311,22029,25475,106216,80036,40709,90788,61941,20036,66067,27429,76186,76032,54252,87528
TDE000004,Germany,Shell,50.8443277,6.9677563,51938,44474,55718,102404,81511,30618,63214,11851,70468,32583,37052,33880,15945,65495,45506
TDE000005,Germany,Shell,50.8246302,6.9790709,53204,50748,10867,44081,71452,37325,105306,69740,49157,46717,61960,57650,79245,24974,28866
TDE000006,Germany,Shell,50.8246302,6.9790709,32483,22638,32972,61591,94179,72490,83551,56582,63959,71515,45289,17644,21499,52931,85916
TDE000007,Germany,Shell,49.4704113,8.4381568,42392,52266,51682,31827,59417,97229,93286,25163,75066,48586,14573,39900,48512,62422,39434
TDE000008,Germany,Shell,49.79245,9.932966,34039,31262,20613,61912,83685,38141,20304,12289,53589,22678,77350,35241,45039,55905,49448
TDE000009,Germany,ExxonMobil,48.653876,10.6486295,23914,36245,16485,61717,11228,88550,105604,54342,58401,62112,21753,63818,87084,20008,26120
TDE000010,Germany,Vopak,53.5437641,10.0099133,26927,16603,57230,63355,45201,15036,21169,10710,59921,27435,37626,15478,86348,81512,72786
TDE000011,Germany,OMV,51.0834196,10.4234469,29451,55599,26878,42905,47547,16315,41050,15646,65390,59538,33239,24519,38217,68962,71578
TDE000012,Germany,ExxonMobil,51.5110321,7.0960124,13485,32825,55192,36719,21444,59623,39158,64753,18298,13118,10992,20382,46976,26669,30605
TDE000013,Germany,ExxonMobil,51.3154546,9.4924096,38616,25279,42197,18154,96706,72302,44291,40811,48545,38887,12266,78484,27049,86665,77214
TDE000014,Germany,ExxonMobil,54.0924445,12.1286127,16146,17986,43024,86402,12927,52523,17535,13888,29651,30946,77647,36248,35007,40023,86228
TDE000015,Germany,ExxonMobil,49.0068705,8.4034195,16116,14514,30759,103597,57020,44950,26080,48934,47170,54216,22274,67029,50440,56339,73674
TDE000016,Germany,ExxonMobil,48.7784485,9.1800132,59599,41416,48228,83649,41255,86564,78174,24140,70503,62918,55607,89426,67514,28629,19498
TDE000017,Germany,ExxonMobil,52.5224659,7.316584,40108,58819,25539,14110,103104,25835,52824,66980,39580,43550,38218,26072,26147,71926,77073
TDE000018,Germany,ExxonMobil,53.0758196,8.8071646,27147,29991,32260,56159,31433,59121,77620,10421,46257,68144,76254,66416,33564,33070,25683
TDE000019,Germany,ExxonMobil,52.1315889,11.6399609,31438,14953,27480,13745,18273,72009,91498,70532,14598,17987,24486,81903,73321,65511,80079
TDE000020,Germany,ExxonMobil,53.5437641,10.0099133,13774,26785,53768,59248,67167,60964,99406,71636,39917,28189,42810,46355,62795,82670,19692
TDE000021,Germany,ExxonMobil,52.5170365,13.3888599,38393,30586,45030,34359,98264,35121,108344,76140,21253,17357,67644,43953,53614,64045,33289
TDE000022,Germany,ExxonMobil,50.4133118,7.577262,18813,49016,52694,93938,38452,85068,38404,11741,71375,65474,48366,38992,32735,31178,10546
TDE000023,Germany,ExxonMobil,50.1335542,8.9168179,16272,35837,18348,49836,76544,32487,99741,49156,28803,39350,32534,30616,49513,76404,72800
TDE000024,Germany,ExxonMobil,48.8104641,11.4971139,50716,51499,17664,94450,96780,44096,68609,68179,35730,16208,38480,26793,85577,78477,82071
TDE000025,Germany,ExxonMobil,52.3744779,9.7385532,54476,13804,50306,51371,60176,77685,56523,25751,56553,22556,68783,28223,61898,11660,50742
TDE000026,Germany,ExxonMobil,54.1005265,9.493839,16199,42557,16328,104622,34923,25764,71395,27652,74834,66976,60770,15011,81431,17024,73848
TDE000027,Germany,ExxonMobil,53.5278793,8.106301,35975,15947,42325,57432,66290,95358,90326,53421,43045,28202,68975,77082,72988,34215,80028
TDE000028,Germany,ExxonMobil,48.1371079,11.5753822,15797,25433,25006,50647,28896,86967,107974,45028,14843,69834,60930,17972,38877,81012,31028
TDE000029,Germany,ExxonMobil,49.453872,11.077298,13251,54694,30494,64861,62390,38409,78001,62445,74346,71520,57067,10013,89778,73693,52323
TDE000030,Germany,ExxonMobil,50.9621391,11.9827889,16805,35562,49758,67031,35229,14131,11892,43288,31912,18578,62333,37187,11146,61150,41771
TDE000031,Germany,ExxonMobil,54.3227085,10.135555,27524,47862,49456,42124,54894,30745,38106,46686,60535,79585,49296,52178,85562,74349,74354
TDE000032,Germany,ExxonMobil,51.434999,6.759562,43660,34540,25949,62718,38552,17053,87730,24577,74226,13682,56225,30155,81800,66040,39291
TDE000033,Germany,ExxonMobil,51.289534,12.00938025,54313,38308,10630,27658,31920,57640,41377,26421,42310,70379,46843,82198,58282,65294,77996
TDE000034,Germany,ExxonMobil,50.8924555,10.695341,13324,32131,44897,85020,84515,79504,68178,49323,51200,30088,52586,53653,44234,69060,61445
TDE000035,Germany,ExxonMobil,54.1585327,9.0817694,20351,11293,58488,64812,102848,48264,89904,74978,60481,60729,39991,63170,49563,56344,82442
TDE000036,Germany,ExxonMobil,52.2646577,10.5236066,58826,24605,52501,79692,63135,51840,88133,58262,55821,55266,37378,63951,16311,72541,38582
TDE000037,Germany,ExxonMobil,52.1521636,9.9513046,53144,47435,11551,30219,94046,39772,72783,64319,19404,44257,48469,72630,56053,43716,21946
TDE000038,Germany,ExxonMobil,50.9295705,6.5943444,16677,52048,53744,36858,44901,75164,48256,61035,79151,28426,21172,53977,77354,75696,44883
TDE000039,Germany,ExxonMobil,51.5142273,7.4652789,16736,21255,43410,70794,21947,42718,12799,53054,38098,47361,66805,69108,77220,88128,39774
TDE000040,Germany,Shell,49.7596208,6.6441878,44347,31358,18520,33232,59978,99170,97630,21635,25913,69372,42140,26605,40909,59838,71358
TDE000041,Germany,Shell,50.0096998,8.4498124,51156,36405,30252,29822,42931,59061,34492,47117,51301,65168,51051,74720,66112,20719,79851
TDE000042,Germany,Shell,48.332822,12.3101096,30653,36097,46681,74593,91020,55564,72050,52460,36185,71350,51443,72543,72848,22264,38547
TDE000043,Germany,Shell,54.1029898,10.8186738,59597,29631,33313,80978,33694,77093,103381,55827,12715,41966,74279,77182,80512,47681,43635
TDE000044,Germany,Shell,50.4391924,7.4023145,41143,54260,43727,71999,57570,64440,106419,78547,50989,11243,60311,10083,65548,65291,23914
TDE000045,Germany,Shell,51.434999,6.759562,24161,53864,28118,51841,100852,88633,90905,60416,29430,30210,46349,25108,50921,24886,40993
TDE000046,Germany,Shell,50.938361,6.959974,26561,15362,15284,73222,20295,99339,93368,13794,60404,51668,77265,39846,75781,13330,81981
TDE000047,Germany,Shell,51.1981778,6.6916476,43304,31431,29408,78122,90265,70370,69119,68751,35350,51416,25814,89503,55040,49774,51225
TDE000048,Germany,Shell,51.1981778,6.6916476,36217,14159,20551,49009,106736,30921,109356,26573,17553,44565,29119,89969,57330,56878,43782
TDE000049,Germany,Shell,53.5437641,10.0099133,58172,51526,14625,43189,99141,59982,101818,46423,22225,75278,56381,11523,64923,64171,77116
TDE000050,Germany,Shell,48.5728929,7.8109768,41521,59719,49449,71280,76547,22558,15408,75588,64390,46722,47614,77009,84370,69023,51056
TDE000051,Germany,Shell,49.7505186,8.4861853,30576,50867,20347,25456,53544,58092,91129,54473,34179,47166,23741,31003,85501,83775,21990
TDE000052,Germany,Shell,49.5981187,11.003645,16042,16283,15351,34553,72421,51056,44627,77886,17748,58503,17319,19678,42516,46311,14551
TDE000053,Germany,Shell,50.3533278,7.5943951,20585,50758,18762,57634,36114,86936,57425,63133,66664,48407,53561,68206,29869,53365,37501
TDE000054,Germany,Shell,49.3165553,8.433615,54422,20601,14532,75085,99207,84386,67598,62351,65486,46610,37569,56209,61319,68701,82259
TDE000055,Germany,Shell,47.7267063,10.3168835,14721,37333,36806,107010,77617,92100,54013,79047,15493,10094,15578,57553,32220,36199,56093
TDE000056,Germany,Shell,48.3668041,10.8986971,38350,10006,35477,53489,87929,47288,53955,18235,54678,18579,74073,88955,26997,51005,66378
TDE000057,Germany,Shell,51.30068355,14.03397161,44273,16798,30016,37264,36202,41073,92574,69960,24112,17597,63778,28728,14999,64973,87834
TDE000058,Germany,Shell,51.434999,6.759562,13847,19629,18619,95767,102722,63322,81349,37620,17960,68291,49415,76107,48653,70764,36710
TDE000060,Germany,Shell,50.1106444,8.6820917,37014,39849,51914,91460,10637,18000,62905,12400,48677,24740,61581,65978,51847,82435,71163
TDE000061,Germany,Shell,52.5170365,13.3888599,47771,39891,24932,44146,74703,65353,69075,32570,42408,46410,73078,76073,46979,69946,20226
TDE000062,Germany,Shell,52.5170365,13.3888599,28509,46902,42816,38229,69736,53174,35403,77229,51156,54443,54862,25296,60330,34513,86916
TDE000063,Germany,Shell,50.0552113,7.1327573,56529,23723,24040,105225,10558,57036,104865,41033,79110,18658,14050,50487,48968,61030,52161
TDE000064,Germany,Shell,50.0009915,12.0856433,37621,40279,48948,15658,38009,48501,68048,74243,41870,21136,30131,11511,37567,75324,67620
TDE000065,Germany,Shell,50.1335542,8.9168179,42058,11732,10985,46809,13426,67545,39353,70528,21822,16475,14541,44802,77352,64962,27169
TDE000066,Germany,Shell,51.434999,6.759562,57044,12211,54908,23715,105180,106461,81227,66396,24004,40852,67838,67030,16001,89574,11326
TDE000067,Germany,Shell,49.9740542,9.1493636,15541,30776,12310,36233,58982,77977,56483,73154,13301,33890,27816,11615,63152,32259,34569
TDE000068,Germany,Shell,50.8772301,12.0796208,47901,53363,53778,31706,100038,90497,26665,42767,46977,29371,28644,11037,58406,60289,48002
TDE000069,Germany,Shell,53.5437641,10.0099133,15916,33990,20582,105982,58895,10672,55351,68119,36872,16609,62644,13875,50752,61773,73620
TDE000070,Germany,Shell,52.3744779,9.7385532,12231,57642,59554,45063,41571,45430,23854,43202,51379,41020,55489,68933,44258,69870,62821
TDE000071,Germany,Shell,52.388552,13.5048276,20197,51556,13299,92571,21083,11291,78885,55585,42576,55077,45532,45821,29801,60904,10241
TDE000073,Germany,ExxonMobil,49.9966552,8.32475,36514,45679,15090,82905,105853,97487,92523,31941,44569,22298,51752,10892,76779,53400,10021
TDE000074,Germany,ExxonMobil,51.434999,6.759562,40793,53495,22446,88989,67074,109342,106630,13199,19856,61905,40255,63679,17293,37975,82137
TDE000075,Germany,ExxonMobil,52.3744779,9.7385532,15434,48866,39112,47168,54685,12533,100618,77521,77544,72721,17162,24675,12961,63939,84125
TDE000076,Germany,ExxonMobil,49.089717,9.275092,25368,34650,29592,36059,87098,69147,108915,50146,42483,76239,24546,25016,11556,87454,66741
TDE000077,Germany,ExxonMobil,49.1964663,8.2844922,43260,33713,42275,54838,65097,78806,52510,75172,41396,52145,52331,79192,31723,79377,71391
TDE000078,Germany,ExxonMobil,49.477263,10.989616,17838,49343,32285,96800,71855,71410,31904,77580,78049,50048,52354,30210,22646,11383,59971
TDE000079,Germany,ExxonMobil,50.9898292,6.9627066,41390,54046,57643,92281,49111,15469,44982,38168,42139,11477,14047,22873,63702,17297,28686
TDE000080,Germany,ExxonMobil,53.0758196,8.8071646,51180,58308,58313,44954,60370,11369,22483,49170,11139,69377,46689,49726,61363,58132,14862
TDE000081,Germany,ExxonMobil,53.3670541,7.2058304,50064,25377,31790,15423,28909,86131,63172,57170,78367,12617,35298,13335,15675,31270,88783
TDE000082,Germany,ExxonMobil,50.3114741,6.8481486,21564,51948,45169,12357,29748,44643,31061,74213,20542,28860,34624,45588,59484,81630,20796
TDE000083,Germany,ExxonMobil,52.2646577,10.5236066,43032,40862,36810,80363,12972,32906,32644,79906,19970,42922,57523,88221,80793,55665,71427
TDE000084,Germany,ExxonMobil,51.4582235,7.0158171,47618,24545,57740,45029,78863,24925,23525,35748,45068,52341,76933,25994,79367,41117,31164
TIE000001,Ireland,ConocoPhillips,53.4313247,-7.459001407,46240,40471,24207,52508,31073,100028,70992,69301,77171,13847,44546,49330,28062,43642,64164
TIE000002,Ireland,ExxonMobil,53.3497645,-6.2602732,57187,35998,26610,51115,98830,83243,32036,45233,77478,67777,58336,18916,37882,61299,43733
TIE000003,Ireland,ExxonMobil,52.3956607,-6.9453237,49845,16796,34690,57819,106596,58679,72510,37778,63256,40986,72497,26032,13372,86174,33712
TIE000004,Ireland,ExxonMobil,53.2744122,-9.0490632,33482,59142,51400,67673,28528,66563,43157,49174,18154,16185,65866,63737,23304,30947,51717
TIE000005,Ireland,ExxonMobil,54.9517933,-7.7354381,51162,52865,48935,60565,56445,40656,66912,65016,78947,70528,21649,35707,84194,12466,16410
TIE000006,Ireland,ExxonMobil,53.3497645,-6.2602732,32709,50423,51336,68869,101155,22064,32224,78151,31943,39542,40492,57555,17637,30875,27716
TIE000007,Ireland,ExxonMobil,52.661252,-8.6301239,49252,53685,45719,82238,46262,48767,22099,70697,74119,24424,13901,72631,12929,70173,82732
TIE000008,Ireland,DTN,52.69053605,-6.825018898,59900,50052,34380,22953,103988,39040,52884,13558,77898,36069,46089,75809,23357,38660,47170
TIE000009,Ireland,DTN,54.03497495,-7.293702283,24437,59894,49781,79467,45491,15515,73051,65187,45482,23841,12164,40834,86953,65558,62721
TIE000010,Ireland,DTN,54.9517933,-7.7354381,29567,13974,28573,61482,44006,58074,87781,77815,10667,32688,72450,35101,12134,72443,40541
TIE000011,Ireland,DTN,53.15436455,-6.818417566,39917,52890,25733,42164,62804,13648,22473,29096,58934,50224,15453,85292,85173,74527,89349
TIE000012,Ireland,DTN,52.6510216,-7.2484948,42093,39391,16922,24869,39042,32616,18237,78017,15125,21867,45862,38265,38758,86514,21877
TIE000013,Ireland,DTN,53.0368853,-7.3013754,14550,22375,56881,58228,72676,78714,29805,47126,39565,61412,18552,80308,72377,61761,23729
TIE000014,Ireland,DTN,53.9441461,-8.0952772,56469,41611,38819,23425,26613,36862,49473,31658,32397,47429,47783,73251,57248,67230,11028
TIE000015,Ireland,DTN,54.0046033,-6.4008879,16748,34939,59810,33173,19943,17923,27687,70612,67090,64795,44555,76190,20652,80104,14734
TIE000016,Ireland,DTN,54.1143359,-9.1532099,41582,34738,37779,91197,29370,69328,58405,48092,73899,51009,43943,54675,38508,69333,42202
TIE000017,Ireland,DTN,53.7197301,-8.9987858,35302,33843,14942,74774,94102,15821,83181,40962,75268,53840,52353,85132,87609,32484,40149
TIE000018,Ireland,DTN,53.651908,-6.6833615,14623,47358,48684,105626,35766,102458,88769,60651,72859,42878,42351,25381,72025,49040,26774
TIE000019,Ireland,DTN,53.2014604,-6.1105049,54638,11763,35311,103693,85774,67481,83909,49000,49471,30695,25532,16606,12524,35194,24560
TIE000020,Ireland,DTN,52.798221,-6.1540035,40424,17871,35197,67221,90911,23664,33298,39741,12265,61382,53723,66510,34933,25560,89586
TIE000021,Ireland,DTN,52.3955671,-6.9446066,24186,19425,14522,24760,84084,94477,88872,35126,63805,79275,36948,85666,59561,85314,25779
TIE000022,Ireland,DTN,53.5263035,-7.3415454,22801,45165,54976,100834,59341,74281,32907,51431,15079,48744,34830,42501,49047,32222,45627
TIE000023,Ireland,DTN,53.4230832,-7.942705,13939,38792,25449,32689,39849,31084,91971,32620,45053,37887,27208,29173,13075,17392,60690
TIE000024,Ireland,DTN,52.2609997,-7.1119081,44382,16356,30080,47192,37610,65498,47167,15226,65447,34278,67574,39034,61797,55262,44206
TIE000025,Ireland,DTN,52.355,-7.703889,42032,59638,39468,55232,104241,37848,13932,75099,38866,65390,48469,46987,73759,58835,63980
TIE000026,Ireland,DTN,54.19298605,-8.730542673,15105,46486,10787,107815,28780,73801,31234,41810,19138,67204,40441,35866,44319,65204,57621
TIE000027,Ireland,DTN,53.3433656,-7.0488576,20452,44311,53392,68349,99210,61920,26396,59327,64878,12600,26833,52590,38685,51305,25533
TIE000028,Ireland,DTN,53.0965843,-7.9108738,17033,27336,40621,42325,23919,48601,29779,42534,23822,56739,14371,58261,68436,45998,52048